﻿{"cameraMode":{"drawMode":0,"name":"Shaded","section":"Shading Mode"},"sceneLighting":true,"audioPlay":false,"sceneViewState":{"showFog":true,"showMaterialUpdate":false,"showSkybox":true,"showFlares":true,"showImageEffects":true,"showParticleSystems":true},"in2DMode":false,"pivot":{"x":35.343448638916019,"y":26.694351196289064,"z":-64.62992858886719},"rotation":{"x":0.21806344389915467,"y":-0.09117027372121811,"z":0.020463861525058748,"w":0.9714587926864624},"size":293.0840759277344,"orthographic":false}